"Path","Bytes"
"DLC035_TouchGFX_SSD2119_Package\verify-0.2.6","401062724"
"DLC035_TouchGFX_SSD2119_Package\verify-0.2.7","401221378"
"DLC035_TouchGFX_SSD2119_Package\work-0.2.5","446329510"
"DLC035_TouchGFX_SSD2119_Package\work-0.2.6-20260924-115651","233235200"
"DLC035_TouchGFX_SSD2119_Package\work-0.2.7-20260924-121517","233232891"
"DLC035_TouchGFX_SSD2119_Package\work-0.2.7-20261002-111716","236817154"
"DLC035_TouchGFX_SSD2119_Package\DLC035.failed-pack-20260806-180948.zip","13609"
"DLC035_TouchGFX_SSD2119_Package\DLC035_SSD2119_NUCLEO_H563ZI-0.1.0.tpa","32453482"
"DLC035_TouchGFX_SSD2119_Package\DLC035_SSD2119_NUCLEO_H563ZI-0.2.0.tpa","32505499"
"DLC035_TouchGFX_SSD2119_Package\DLC035_SSD2119_NUCLEO_H563ZI-0.2.1.tpa","32505462"
"DLC035_TouchGFX_SSD2119_Package\DLC035_SSD2119_NUCLEO_H563ZI-0.2.2-fixed.tpa","32505506"
"DLC035_TouchGFX_SSD2119_Package\DLC035_SSD2119_NUCLEO_H563ZI-0.2.2.tpa","32505463"
"DLC035_TouchGFX_SSD2119_Package\DLC035_SSD2119_NUCLEO_H563ZI-0.2.3.tpa","32505507"
"DLC035_TouchGFX_SSD2119_Package\DLC035_SSD2119_NUCLEO_H563ZI-0.2.4.tpa","33145841"
"DLC035_TouchGFX_SSD2119_Package\DLC035_SSD2119_NUCLEO_H563ZI-0.2.5-install.zip","29627071"
"DLC035_TouchGFX_SSD2119_Package\DLC035_SSD2119_NUCLEO_H563ZI-0.2.5.tpa","29586638"
"DLC035_TouchGFX_SSD2119_Package\DLC035_SSD2119_NUCLEO_H563ZI-0.2.6-install.zip","33202772"
"DLC035_TouchGFX_SSD2119_Package\DLC035_SSD2119_NUCLEO_H563ZI-0.2.6.tpa","33159422"
"DLC035_TouchGFX_SSD2119_Package\DLC035_SSD2119_NUCLEO_H563ZI.zip","33579259"
"DLC035_TouchGFX_SSD2119_Package\DLC035_SSD2119_Template-0.2.0.zip","32930878"
"DLC035_TouchGFX_SSD2119_Package\DLC035_SSD2119_Template.zip","32773088"
"DLC035_TouchGFX_SSD2119_Package\package-0.2.0.json","2894"
"DLC035_TouchGFX_SSD2119_Package\package-0.2.1.json","2827"
"DLC035_TouchGFX_SSD2119_Package\package-0.2.2-fixed.json","2897"
"DLC035_TouchGFX_SSD2119_Package\package-0.2.2.json","2827"
"DLC035_TouchGFX_SSD2119_Package\package-0.2.3.json","2897"
"DLC035_TouchGFX_SSD2119_Package\package-0.2.4.json","2901"
"DLC035_TouchGFX_SSD2119_Package\package-0.2.5.json","2901"
"DLC035_TouchGFX_SSD2119_Package\package-0.2.6.json","2901"
"DLC035_TouchGFX_SSD2119_Package\stale-DLC035.failed-pack-20260806-180907.zip","6849"
"DLC035_TouchGFX_SSD2119_Package\stale-DLC035.json","1060"
".cubeide_ws","19264851"
"TouchGFX\build","28353600"
"STM32CubeIDE\Debug","1445075"
"color-io-build.log","300490"
"startup-color-build.log","300262"
